,TCGA-A2-A0YK,TCGA-AO-A03R,TCGA-AO-A03T,TCGA-AO-A03U,TCGA-AO-A0JB,TCGA-AR-A1AO,TCGA-B6-A0IE,TCGA-E2-A108
CD82,1.5085,0.58125,0.66875,1.40975,1.091,1.6869999999999998,-0.154,1.3795
RICTOR,-0.5009,-1.1293,-1.1067,-0.9406,-1.3476,-1.0984,-1.2065,-0.4708
POLD2,-1.1095,-1.35966666666667,-1.19233333333333,-1.2205,-0.846833333333333,-1.3230000000000002,-1.61833333333333,-1.8908333333
PTCRA,1.085,0.5515,0.6465,1.7409999999999999,0.9045,1.761,0.11800000000000001,0.9095
FST,-3.00375,-4.02075,-4.06475,-4.18425,-2.8935,-3.9425,-3.23375,-2.501
E2F4,-0.8196,-1.2773,-1.2504,-0.6972,-0.9204,-0.7856,-1.123,-0.9071
WNT10B,-1.83775,-1.954875,-1.627875,-2.075375,-0.893625,-2.215375,-2.2055,-1.918375
ZFYVE9,-1.412625,0.14225,-0.137625,-0.21175,-0.882,-1.28825,-0.2835,-1.0075
EIF4E,-0.28022729999999996,0.130636363636364,-0.6302727272727271,0.16245454545454502,-0.696666666666667,0.680318181818182,-0.4065,0.41140909090000005
MDM2,-0.75125,0.00908333333333333,0.899083333333333,-0.67,0.559333333333333,0.322333333333333,-0.22383333333333302,-0.5945
AKT2,-0.6925,-0.4815,-0.6572142857142861,-0.9082142857142859,-0.108142857142857,-1.07835714285714,-0.5108571428571429,-1.0492142857
CCNB2,-3.213778,-0.618,-2.02655555555556,-3.2653333333333303,-1.9621111111111103,-1.70022222222222,-1.8218888888888898,-2.2612222222
CCNE2,-2.195727,0.127909090909091,-1.55227272727273,-2.64609090909091,-2.0993,-1.83263636363636,-1.13936363636364,-0.023454545499999997
RAD50,-0.157625,-0.63625,-0.71725,-0.534125,-1.90425,-0.7005,-1.0270000000000001,-0.79925
INHBE,-1.76,-0.799666666666667,-1.02633333333333,-1.104,-1.6071666666666697,-1.3544,-1.8261666666666698,-1.222
HDAC1,0.038,0.0773333333333333,-0.5695,-0.4936666666666671,-0.4616666666666671,-0.769333333333333,-1.05433333333333,-0.2955
IL1R1,2.1295,0.8105,-0.0475,2.6576666666666697,0.207833333333333,3.35533333333333,0.684166666666667,2.7416666667
RRAGB,1.199167,0.315,-0.4468333333333329,-0.0391666666666667,-1.615,0.21516666666666698,-0.19483333333333303,0.6855
DFFB,-0.2918,-0.6343,-0.6978,-0.4423,0.1245,-0.00609999999999999,-0.4227,-0.1329
AIFM1,-0.6785,-0.22725,-0.08675,-0.6409999999999999,-0.0165,-0.18025,0.04975,0.0305
TOP3B,-0.42375,-0.92875,-1.0655,-0.66125,-0.52025,-1.0015,-0.6475,-1.5875
BMPR1A,0.16166670000000002,-1.04416666666667,-1.00966666666667,0.583833333333333,-1.07783333333333,-0.29716666666666697,0.0768333333333333,0.1811666667
SMAD3,-0.0301,0.2444,-0.5732,-0.8972,-0.705,-0.8831,0.1369,-0.3854
PRKAR2A,-0.41466670000000005,0.4293333333333329,-0.265,-0.1895,-0.861333333333333,-0.998833333333333,-1.7501666666666698,-0.021
MAP3K14,1.351,0.40175,0.14525,0.79275,0.3095,1.02925,-0.868,1.00425
RAB23,-0.317,-0.60625,-1.05875,-0.28800000000000003,-1.0595,-0.80675,-0.22825,0.07025
MAML3,0.15925,-0.08575,-0.040375,0.03075,0.621571428571429,-0.069125,0.28585714285714303,-0.057625
CASP3,0.337,0.2005,-0.133166666666667,-0.11699999999999999,-0.24266666666666697,0.276166666666667,0.4423333333333329,0.2535
GADD45G,1.5825,2.79,3.4901,1.253,2.8551,2.0751,1.8337,1.6225
SP1,0.23275,1.193625,0.38625,1.65475,0.623,0.620625,1.348,0.79375
RRM2,-2.688875,-2.352125,-1.968125,-3.367875,-3.310375,-2.449875,-2.9605,-2.24325
WNT2B,1.2229999999999999,-0.746166666666667,1.3891666666666698,0.318333333333333,0.767333333333333,0.4876666666666671,1.3428333333333302,0.4018333333
FBXW11,-0.9105,-0.35216666666666707,-0.4291666666666671,-0.715833333333333,-1.13016666666667,-1.3993333333333302,-0.762666666666667,-1.0183333333
AKT1S1,-0.5365,-0.16425,-0.34299999999999997,-0.61275,-0.7235,-0.5775,-0.768,-0.50775
CSNK1G3,-0.1785714,-0.24121428571428602,-0.351357142857143,0.0769285714285714,-1.3055,-0.48192857142857104,-0.38842857142857107,-0.1621428571
TGFBR2,1.912625,0.475125,-0.26625,4.265625,-0.082625,1.484125,-0.47675,1.88175
NOTCH3,1.7681669999999998,1.963,1.8206666666666698,1.6248333333333302,3.3878333333333304,2.1228333333333302,2.5745,0.8931666667
IGF1,4.408125,3.2046875,2.5758125,3.3545625,3.2246875,4.5718125,5.1653125,4.6686875
TOP3A,-1.0170000000000001,-0.6115,0.215,-0.578,-0.299,-0.922,-0.679,-0.5945
BBC3,0.021,0.519421052631579,1.01478947368421,0.31168421052631606,1.54994736842105,0.9723157894736841,0.266631578947368,-0.4618947368
WNT8B,-0.0185,-0.1635,0.8690000000000001,0.551,-0.9990000000000001,0.163,-1.0045,-0.498
ENDOG,-1.14,0.4715,-0.594,-0.44,-0.6065,0.0375,-1.5730000000000002,-0.759
WNT3,-1.1575,2.125,2.1121666666666696,1.22083333333333,1.84116666666667,-1.171,1.5575,-0.9815
TNF,2.203071,0.1755,0.5545714285714289,1.6629285714285702,0.30585714285714305,1.9777857142857098,1.30028571428571,1.7867142857
IL1A,-2.444125,-2.3165,-2.615625,-0.930375,-2.376625,-1.2275,-2.9291428571428595,-1.767625
CREBBP,0.3089167,0.842416666666667,0.26225,0.19058333333333302,0.55575,0.46399999999999997,0.696333333333333,0.5455833333
GLI1,0.80275,-1.17675,-1.21675,-2.22675,-0.53475,-1.6195,0.02125,-0.21425
BMP7,-3.100917,-3.48775,-1.979,-4.176666666666669,-2.0605,-1.3531666666666697,-3.21358333333333,-1.435
TGIF2,0.315,-0.835,-1.83975,-0.7165,-1.89475,-0.36275,-0.43275,-0.15325
PIK3CD,1.355429,-0.10485714285714301,-0.36892857142857105,1.26821428571429,0.11378571428571402,1.5712142857142901,-0.953857142857143,1.3495
DLL4,3.09375,1.0925,0.9915,2.90625,1.19975,1.66175,-0.49925,2.04575
WNT1,0.6397,0.2872,0.2035,0.4616,-1.055,0.23433333333333303,-0.8868,0.4047
DTX2,-0.0095,-0.2025,-0.48,0.3255,0.3385,0.7935,0.557,-0.075
PPP3CB,1.126333,0.9570000000000001,0.631666666666667,0.16699999999999998,-0.5255,0.1965,0.0478333333333333,0.6715
MAPK1,-0.506,-1.344375,-1.86725,-0.45925,-2.495,-0.1315,-1.83575,-0.414625
IKBKB,0.7239286,0.9760714285714291,0.48042857142857104,0.37007142857142894,0.3966428571428571,0.0657857142857143,-0.253071428571429,-0.0405
WNT11,1.0861,0.2293,-0.3638,-0.4005,0.3564,0.5871,-0.0874,1.1059999999999999
ACVR1,0.9956666999999999,-0.18283333333333301,-0.1835,1.37766666666667,-0.17916666666666697,1.0295,-0.15433333333333302,0.9515
APH1B,0.9520000000000001,1.14183333333333,2.0686666666666698,1.6306666666666698,0.265166666666667,2.3331666666666697,0.5311666666666671,1.4641666667
PRKACA,-0.18075,0.34475,0.7925,0.285625,0.5275,-0.053125,-0.0991250000000001,-0.271
POLD3,-0.8830833,-0.4489166666666671,-0.0275,-0.42925,-0.621916666666667,-0.5048333333333329,-0.3961666666666671,-0.34541666670000004
NBN,0.32525,0.4525,0.456125,-0.325875,-0.191375,0.23475,1.665375,1.395375
RPA2,-0.17725,-1.133,-1.51275,-0.19025,-0.7205,-0.21425,-0.19275,0.002
TNFSF10,4.9938,2.088,2.1304,4.8507,2.7454,5.5237,2.1013,3.4931
DTX3L,1.3165,0.691666666666667,1.02683333333333,1.425,-0.9078333333333329,1.7223333333333302,0.18333333333333302,1.7185
ULK1,-0.6233333000000001,-0.5660833333333329,0.11,-0.4826666666666671,-0.9794166666666658,-0.735083333333333,-0.32825,-0.3438333333
TSC2,0.22225,-0.26575,-0.54825,-0.10075,-0.0785,-0.28175,-0.1745,0.0465
MRE11A,-0.15871429999999997,-0.536714285714286,-0.5878571428571429,-0.35042857142857103,-0.0055714285714285605,-0.668714285714286,-0.583214285714286,-0.0413571429
CDK6,-2.0392,-3.2733,-2.8862,-1.3388,-2.8575,-1.5281,-3.0323,-1.7721
SMAD7,0.7395,-0.11975,0.183,1.8090000000000002,-0.15,-0.0105,0.0285,1.16275
XRCC3,-1.1065,-0.28225,-0.672,-0.78575,-0.3435,-1.1685,-0.78325,-1.1415
CHUK,0.21,-1.26775,-1.98675,0.03775,-2.24325,-0.345,-2.134,0.1425
CSNK1D,-1.135167,-0.626833333333333,-0.256833333333333,-0.586,0.057999999999999996,-0.546,-1.05883333333333,-1.2188333332999999
IL3,-0.2795,0.51425,0.5331428571428571,-0.11775,0.0215,0.4525,0.0487142857142858,0.29375
PTCH1,-0.66725,-0.937125,-0.835625,0.00175000000000001,-1.176375,-1.0795,-0.818625,-1.03475
CSNK1A1,0.63565,0.0854,0.3959,0.24485,-0.3203,0.5632,-0.4897,0.33995
JAG2,1.32075,0.8320000000000001,0.66125,0.11075,1.94625,1.36675,0.38375,1.0045
MYD88,0.733875,0.528625,-0.260625,0.82725,-0.45725,1.45875,-1.1485,0.148125
FADD,-0.1817,-0.7511,-0.9783,0.2194,-0.8706,-0.4417,-0.0683,-0.7429
AMH,-2.9495,-0.28300000000000003,-1.439,-2.521,-1.636,-2.085,-2.4835,-2.6425
PPP2R1A,0.041375,0.598875,0.248375,-0.0305,0.6295,0.32575,0.01425,-0.092625
HDAC2,-0.19175,-0.757625,-0.9615,-0.2695,-0.4815,0.5945,0.3425,-0.387375
PRKACG,0.20875,-0.51025,0.516,0.53575,0.60775,0.344,-2.40975,-0.004
CAB39,0.8821667,-0.076,-0.9125,0.40183333333333293,-1.6108333333333302,0.201,-0.672833333333333,0.6075
IRAK4,0.24100000000000002,-0.0123333333333333,-0.5218333333333329,0.20416666666666697,-0.815833333333333,-0.6535,-1.2515,0.1205
PRKCA,-1.9311,-2.7258,-2.5239,-0.0789,-1.669,-2.1207,-1.9743333333333302,-1.6977
RPS6KB1,-1.223833,-0.25875,-0.8210833333333329,-1.3725833333333302,-0.6629999999999999,-1.5150833333333302,-0.444,-1.01575
NTRK1,-0.2763333,-1.8,-2.0015,-1.3565,-2.068,-0.197666666666667,-1.8602,-0.7668333333
HES1,1.0911,1.7202,1.1719,1.1287,0.8646,-0.0702,0.9932,0.6195
NCOR2,0.3591667,-0.46399999999999997,0.124833333333333,0.864833333333333,0.3823333333333329,-0.1705,0.4855,0.23666666670000003
BCL2,1.880375,2.4845,2.89325,0.163,1.127,1.280375,2.939125,1.7725
BIRC7,-1.78075,-0.88375,-0.6075,2.55525,-0.826,1.24125,-1.07525,-1.06775
IRS1,0.0923,1.0467,1.0841,2.2097,0.5857,-0.0625,0.2635,0.2568
WNT6,0.4275714,0.44676923076923103,1.23592307692308,0.0167857142857143,1.57364285714286,1.77014285714286,0.377769230769231,-0.032357142900000004
RFNG,-0.4135,0.272125,0.24,-0.0075,0.324875,-0.26375,-1.209375,-1.004625
TNFRSF1A,0.5414167,0.7095,-0.0456666666666667,1.79475,1.092,0.8255,0.4523333333333329,0.96475
NOTCH2,0.71325,0.48775,0.11599999999999999,0.0225,-0.34375,0.32799999999999996,0.32425,0.97575
RRAGC,0.35625,0.07025,0.01375,0.821,-0.2085,1.156,0.13425,1.526
MYC,-0.755875,0.2451875,-1.03133333333333,-0.9813125,-0.441625,-1.06075,-1.82475,-0.830375
WNT16,-0.06833333,0.6458,0.106833333333333,0.2738,0.7224,1.18216666666667,-0.4615,0.3935
SNW1,-0.088875,-0.273375,-1.25125,-0.306,-0.937375,-0.355125,-0.63775,-0.060375
SMURF2,-1.04725,-1.3905,-1.485,0.30575,-1.19075,-0.1845,-0.79375,-0.16725
DHH,0.083,-0.25,0.235,0.0435,0.599,0.34600000000000003,0.0855,-0.3605
THBS1,1.88825,1.36,2.156375,2.17075,2.650375,1.891375,1.95475,2.370125
CHEK2,-1.187875,-0.457,-1.00225,-1.50725,-0.783375,0.083625,-0.436375,-0.8395
PPP2CA,-0.1308,-0.7161,-0.9032,0.23,-1.5894,0.2431,-1.3968,0.1418
GAS1,1.4909999999999999,0.38975,0.1105,1.24475,1.22575,2.1405,0.68825,2.27475
NBL1,1.1075,-0.34125,2.56375,0.3065,0.81125,0.8315,0.7609999999999999,0.86725
CDKN1A,0.3571429,-0.196714285714286,0.8297857142857141,1.08992857142857,-0.9380714285714291,0.4186428571428571,-1.3972142857142902,0.3960714286
POLD1,-1.5490000000000002,-1.167,-1.4203333333333301,-1.8921666666666699,-0.4853333333333329,-1.8076666666666699,-1.8103333333333302,-1.785
DCN,3.421625,0.447,0.567375,2.778125,0.568625,4.375375,1.800375,4.05825
BRAF,-0.20025,0.01875,0.18275,0.38625,0.14375,-0.30575,0.20825,-0.34375
AMHR2,-2.786833,-2.8821666666666697,-2.85483333333333,-2.90383333333333,-2.05216666666667,-2.36316666666667,-2.0125,-1.6333333333000002
BID,-0.5545,-1.87675,-0.466125,0.3095,-1.598875,0.646625,0.21025,0.28625
ID3,-0.0871,-0.5775,-0.8874,-0.8121,0.1625,0.2173,-1.31777777777778,-0.0118
RFWD2,0.7638333,0.6023333333333329,0.301,-0.11233333333333301,0.24100000000000002,0.419,0.654166666666667,0.2953333333
MAML2,0.958,-0.1675,-0.4775,0.9890000000000001,-0.36975,0.263,-1.78475,0.8285
PPP3R2,0.03316667,0.0736,0.4464,0.11800000000000001,-0.2746,0.54875,-0.36875,0.0525
FAS,1.1475,0.000500000000000004,0.392125,1.981375,-1.10975,1.5665,-0.876375,1.658375
TP73,-0.25525,0.275625,-0.134125,-0.14,0.063125,-0.30375,-0.575,-0.571875
APAF1,-1.1745,-1.345,-1.1525,-0.9325,-1.4275,-0.8975,-0.6735,-0.018000000000000002
ACVR1C,2.775,1.4233333333333302,0.304166666666667,-0.566833333333333,-0.5205,1.12833333333333,-0.0802,3.3006666667
RBX1,-0.24600000000000002,-0.2985,0.055999999999999994,-0.3915,-1.264,0.3825,-0.316,0.02825
ATM,-0.2906667,-1.371,-1.72225,-1.72025,-1.1683333333333301,-1.7029166666666697,-1.02666666666667,-0.70275
CASP7,0.711125,2.015875,0.373125,1.019375,0.149,0.963875,1.079625,1.57125
DLL3,-1.935,-1.65725,-1.344875,-1.273,-1.4505,-1.72071428571429,-1.0395,-1.880625
FASLG,4.513417,1.21590909090909,0.710416666666667,3.58625,1.23633333333333,4.66833333333333,1.5991,4.799166666700001
PRKAR2B,1.545875,0.747625,0.56875,1.566875,-1.8344285714285702,-0.993625,-2.153625,0.606125
DFFA,-0.81725,-0.20425,-0.302375,-0.364875,0.22325,-0.210125,-0.132125,-0.413375
DDIT4,-1.2056,-0.5276,-0.8435,0.1307,-0.5572,-1.0258,-0.8812,-0.5678
PIK3CG,0.1653333,-1.24133333333333,-1.202,1.8296666666666699,-2.7505,0.28066666666666695,-1.6195,1.2085
TFDP1,-0.9009999999999999,-0.852666666666667,-1.10733333333333,-0.556666666666667,-0.7183333333333329,-1.29933333333333,-1.4603333333333302,-0.6695
NODAL,-0.01966667,-0.155666666666667,-0.27983333333333305,0.250666666666667,-0.257333333333333,-0.57,-0.46925,0.0643333333
WNT8A,-0.40325,0.35200000000000004,0.24875,-0.67025,0.5720000000000001,-1.265,0.66075,-0.10875
TNFRSF10B,-1.329625,-2.385625,-1.57225,0.148875,-1.0805,-0.7155,-1.5985,-0.768125
ACVR2B,-1.467143,-0.968142857142857,-1.36171428571429,-1.78064285714286,-0.115428571428571,-1.9379285714285701,-0.834857142857143,-1.3945
SUFU,0.6408333,0.7255,0.28383333333333305,0.6909166666666671,0.76025,0.903166666666667,-0.113,0.5905833333
AKT1,0.124,0.1,-1.175375,-0.09300000000000001,-0.239375,-0.424625,-1.910125,-0.932
RRM2B,0.02566667,2.2693333333333303,1.501,1.17816666666667,-0.4781666666666671,0.305833333333333,-0.22583333333333303,0.6588333332999999
WNT5B,-0.0895,-1.31825,-0.0077500000000000095,-0.818,0.456,-0.12625,-0.27525,-1.0695
PSEN1,0.70575,0.00783333333333333,-1.10408333333333,0.697833333333333,-0.781333333333333,1.03466666666667,0.101166666666667,0.0576666667
CDKN2A,-1.8739169999999998,-0.93875,-0.981833333333333,-1.09158333333333,-1.3661666666666699,-1.1885,-1.93875,-0.48966666670000003
SESN2,-0.4505,-0.7709999999999999,0.00866666666666666,-0.688,-0.657333333333333,-0.700666666666667,-1.4111666666666698,-0.2933333333
TNFRSF10D,-0.20525,-0.994666666666667,-0.5256666666666671,0.53225,-1.16333333333333,-0.1815,-1.5755,-0.33875
SMO,-0.68525,-2.286,-0.8045,-0.5195,-0.34275,-0.6559999999999999,-1.17825,-1.04575
PIK3R5,1.7385,0.36075,2.3485,1.196,2.5205,2.45875,2.08225,0.93425
BAMBI,-0.75425,-2.58175,-0.629,-1.4340000000000002,-1.560125,0.947375,1.703375,1.071
WNT3A,0.0191,0.1744,0.2154,0.2584,0.5811,1.7629,0.1083,0.1623
IKBKG,-0.6126666999999999,-0.3738333333333329,-0.682666666666667,-0.1825,-0.28916666666666696,-0.1835,-0.9535,-0.1673333333
WNT9A,0.09025,0.424,-0.6003333333333329,-0.0095,-0.703666666666667,0.2735,-0.154,-0.56475
BIRC2,-0.7493333000000001,-0.709333333333333,-1.3591666666666697,-0.4566666666666671,-1.5281666666666698,-0.3706666666666671,-0.6095,0.0578333333
INS,0.1825,0.4405,0.54,0.3545,-0.12875,0.07275,0.68475,0.09425
SMAD2,0.24116669999999998,0.34077777777777796,0.0341111111111111,0.43700000000000006,-0.702333333333333,0.331,0.375277777777778,0.4799444444
TSC1,0.2021667,0.0056666666666666705,-0.269666666666667,-0.3335,0.346666666666667,-0.0898333333333334,0.304,0.3416666667
WNT2,3.874375,2.4825,1.909,4.206,1.49075,6.452125,3.036375,4.84825
PMAIP1,-2.22725,-2.272875,-1.4955,-2.1959999999999997,-2.795375,-3.116125,-0.53675,-1.665625
RPA3,-1.96,-1.421,-0.88275,-1.713,-2.08925,-1.09125,-1.33325,-1.2575
GLI2,0.74675,-1.067375,-0.927375,-0.993125,-0.70875,-0.95625,0.067,0.101875
TP53,-0.10966669999999999,-0.5091666666666671,-1.22983333333333,-0.5405,-1.213,-0.851166666666667,-2.15983333333333,-0.8736666667
RPS6KA1,0.564,0.04,0.9890000000000001,2.00825,0.669,1.68525,0.17600000000000002,0.539
CFLAR,1.186375,-0.514875,-0.592875,0.63275,-0.615,0.85075,-1.069,1.0125
IL1B,2.403833,1.3821666666666699,-0.857,2.44983333333333,-1.4040000000000001,3.017,-1.34916666666667,1.6506666666999998
DTX3,-0.1796667,-0.744666666666667,0.31675,-0.51475,-0.00149999999999995,-1.15416666666667,-0.5935,-0.88325
GDF6,-4.9255,-4.9785,-5.65533333333333,-5.545,-3.5335,-4.9805,-4.39975,-4.75725
CASP10,0.3675,-0.6552857142857139,-0.927142857142857,0.5993571428571429,-0.45321428571428607,0.7137857142857141,-0.516785714285714,0.612
BTRC,0.7065,1.5541666666666698,0.4561666666666671,0.319,-0.10400000000000001,0.305333333333333,0.4465,0.2778333333
CCNG2,1.518375,1.01675,-0.25075,1.469625,-0.037375,1.560875,1.827375,1.398625
PPP2R1B,-0.641625,-0.66425,-0.83875,0.06925,-1.467375,-0.473125,-1.057625,0.580875
RHOA,0.7440000000000001,-0.5610833333333329,-1.17608333333333,0.5315,-1.7269166666666698,0.44541666666666707,-1.3125,1.0045833333
PPP3CC,0.35200000000000004,0.18275,0.13699999999999998,0.23675,-0.768,0.90025,-0.187,0.7885
PRKAR1A,0.04522222,-0.918333333333333,0.21805555555555606,0.12788888888888902,-1.20522222222222,0.5145555555555561,0.0526111111111111,0.19244444440000003
RAD52,-1.335667,-2.4503333333333304,-2.2653333333333303,-0.8035,-0.980333333333333,-1.38966666666667,-1.13616666666667,-1.1205
CTBP1,0.1960833,1.09091666666667,0.953416666666667,0.13425,0.9715,0.22525,0.577583333333333,-0.21575
PSENEN,0.2368333,0.957166666666667,1.6880000000000002,-0.0328333333333333,1.469,-0.0436666666666667,1.00033333333333,-0.1631666667
BAD,0.8055,0.76925,0.99375,0.82975,1.2215,0.44525,0.95725,0.27
BMP4,0.236625,-2.587375,-2.365,-1.665125,0.308125,-0.670125,-1.9545,-0.696625
RPS6KB2,0.63625,-1.541,-1.87375,-1.13875,-0.68425,-1.37475,-2.32725,-1.94875
SESN3,0.77275,-0.7975,1.44975,0.9845,-0.63975,1.3895,-0.12475,0.355
DVL3,-0.007666666999999999,0.0323333333333333,-0.35975,-0.19141666666666698,-0.196916666666667,0.40225,-0.632833333333333,-0.3850833333
LEFTY2,-1.95325,-3.465,-3.117,-3.665,-2.401,-3.2305,-2.51325,-2.07275
WNT7A,0.5746667,0.159333333333333,-0.00450000000000001,0.055999999999999994,0.3584,0.4108333333333329,0.109833333333333,-0.1276666667
RIPK1,1.018,0.24516666666666698,0.5433333333333329,0.632,0.250833333333333,0.660333333333333,0.4235,0.6706666667
CHRD,0.531875,-0.196,0.0720000000000001,0.07400000000000001,0.64975,0.026000000000000002,0.00887499999999999,0.60625
BAX,-1.507167,-0.691,-0.622666666666667,-0.9255,0.3555833333333329,-0.04125,-1.14475,-1.3519999999999999
CSF2RB,1.1535,-0.061,0.107,1.9555,0.0355,1.002,-0.0635,0.8075
PTCH2,0.67475,0.507,0.54425,0.52775,0.3085,0.37275,0.59225,0.42325
IRAK1,-0.78275,-0.45425,-0.376375,0.12725,-0.05575,0.00312499999999995,-0.512125,-0.730625
EP300,0.8382857,1.8609285714285702,1.29257142857143,0.335,0.062,-0.444,0.529428571428571,1.6142142857
ID1,-0.966875,-1.953,-2.3080000000000003,-1.185625,-1.09125,-1.564875,-2.1675,-1.389875
PIK3CB,0.035,-0.3645,-0.8765,-0.16075,-1.7555,-0.01225,-0.95225,0.06825
CAPN1,-0.09683333,0.275,-0.167166666666667,0.575833333333333,-0.650333333333333,-0.5143333333333329,-0.662333333333333,-0.3928333333
EIF4E2,-0.8975,-1.046,-1.10675,-0.31075,-0.32975,0.01325,-0.494,-0.17800000000000002
DVL1,-0.4261667,-0.0958333333333333,-0.20016666666666696,-0.4176666666666671,0.8015,-0.21416666666666698,-0.140833333333333,-0.9326666667
CDKN2B,0.48791670000000004,-0.2145,-0.19636363636363602,0.17325,-1.24758333333333,0.243,-0.291416666666667,0.9443333333
RPS6KA2,0.8105,-0.015,0.45899999999999996,0.46407142857142897,1.2893571428571398,1.584,0.8114285714285709,0.9521428570999999
GADD45B,1.4809999999999999,2.92475,2.2045,1.286,1.48025,1.219,1.54075,2.58625
CSNK1E,-0.1279167,0.0803333333333333,0.392,-0.7115,0.3846666666666671,-0.49791666666666706,0.0365,-0.5846666667
SESN1,1.103375,-0.059625,0.172,0.9990000000000001,-0.83075,0.780875,0.669375,1.24575
NUMB,0.14325,-0.20075,-0.60925,0.8525,0.2185,0.74975,0.17600000000000002,0.2955
ZFYVE16,0.1529444,-0.0246666666666667,-0.20216666666666697,-0.288111111111111,-1.4477647058823502,-0.370722222222222,-0.937117647058823,-0.21244444440000002
PIK3R1,2.729071,2.24285714285714,1.24857142857143,2.9165714285714306,1.57515384615385,2.10271428571429,1.04692307692308,2.2926428571
IGFBP3,-1.62,-2.14278571428571,-2.3862142857142903,0.8319285714285721,-2.17514285714286,-2.29921428571429,-2.08535714285714,-1.8852857143000001
WNT7B,-0.0448,1.6861,2.0169,1.0731,-0.5844,0.4336,0.2234,0.6663
SMAD6,-0.2825,-0.555,-1.45125,-0.22475,-0.91075,-0.7105,-1.56225,-0.379
XRCC2,-2.129167,-1.5768333333333302,-1.7163333333333302,-2.40283333333333,-2.62066666666667,-1.9808333333333301,-1.6445,-1.7723333333000002
CHEK1,-4.025125,-2.187625,-3.717875,-3.79475,-3.54475,-2.06575,-0.76,-2.242875
PRKAA1,-0.86675,-2.68825,-1.9175,-0.26,-1.0395,-0.3565,-1.4105,-0.7955
RRAGA,0.83175,0.5905,0.53875,0.90825,-0.5205,0.79225,0.28600000000000003,0.88375
SFN,-0.7096667,1.63233333333333,1.222,-0.120333333333333,1.2565,-0.27483333333333304,0.397,-0.3465
TGFB3,3.2627330000000003,2.39906666666667,2.6519999999999997,3.78353333333333,2.38093333333333,2.9484666666666697,3.682,3.2389333333
ID4,3.1406669999999997,1.5568333333333302,1.27,3.0665,2.53683333333333,3.23416666666667,0.2795,3.1326666667
IFNG,3.70025,0.948,0.00600000000000003,0.86125,-0.0507500000000001,4.24775,0.81025,5.13525
APH1A,-0.787125,-0.337875,-1.253625,-1.0335,-0.6385,-0.305375,-0.781375,-1.21725
SHFM1,-1.06825,0.02925,0.71975,-0.65725,0.519,0.64425,0.6015,-0.03275
BIRC8,-0.11775,-0.3295,0.40475,0.52625,0.8835,0.5710000000000001,0.62475,0.16899999999999998
ACVR1B,0.1286667,0.7545,1.043,0.707666666666667,1.6835,0.4295,0.6435,-0.1045
RRAGD,-0.5458333000000001,-0.9895,-2.32833333333333,1.03716666666667,-0.689833333333333,1.42083333333333,-1.7035,0.4201666667
ULK3,-0.5665,-0.20566666666666697,0.226166666666667,-0.6535,0.16166666666666699,-0.674166666666667,-0.572666666666667,-0.9336666667
MFNG,1.22125,-0.297375,-0.619625,1.175875,0.201875,1.19875,-0.441625,1.291125
SMAD5,0.43975,1.4875,1.3985,-0.6235,0.2395,-0.7205,-0.43375,1.13525
MDM4,-0.241125,0.59825,-0.025375,-0.965,1.58775,-1.131625,0.05125,-0.495
BIRC3,1.1045,0.47033333333333294,-0.4965,0.3495,-1.4606666666666699,1.18833333333333,-0.927666666666667,1.4323333333000001
CYCS,-1.11875,-0.805083333333333,-1.04058333333333,-1.7045,-1.05608333333333,-2.08408333333333,-1.73066666666667,-0.9583333333
RPA4,-1.0725,0.0686666666666666,1.77333333333333,-1.2405,1.9291666666666698,1.0715,1.3235,0.49833333329999996
CASP6,0.92725,0.543125,-0.361875,0.966875,-0.390875,0.622875,0.76675,0.49475
ZIC2,-1.48975,-3.43175,-3.108625,-3.798625,-2.055625,-3.699125,-2.279375,-2.22775
RBPJ,-0.46183329999999995,-1.089,-0.814666666666667,-0.832666666666667,-1.52,-0.642333333333333,-0.8105,-0.2751666667
TNFRSF10A,0.42525,-0.6875,0.0875,0.8140000000000001,-1.3685,0.552,0.4235,0.618
SMAD9,0.12925,-0.94775,-1.19975,-1.056,-1.10825,-0.67225,-0.599,0.10925
PERP,0.6558,-0.6602,-0.0697,1.8293,0.6446,1.1723,1.0305,-0.2482
ACVR2A,1.035833,-0.33283333333333304,-0.5048333333333329,0.576833333333333,-0.016,1.38566666666667,-0.0038333333333332798,1.1395
RPS6KA6,-0.72,-0.628,-1.22,0.391,-2.2915,-1.4955,-2.9330000000000003,-0.6555
BMP8A,0.971,-0.2395,0.5265,0.34,1.8285,1.057,-0.1635,0.966
BMP2,-1.5805,-1.276625,-1.753375,-2.261625,-1.885875,-1.13425,-2.63425,-0.338125
CDK4,-0.8478,-0.8275,-1.1325,-1.1218,-0.7205,-0.7292,-0.7551,-0.9715
TNFRSF10C,1.0505,0.387,0.1155,3.14325,0.95275,1.97075,0.102,0.809
GTSE1,-2.399667,-0.5025,-1.21533333333333,-2.38,-1.4378333333333302,-1.808,-1.97,-2.4245
LFNG,1.947875,1.004,2.846125,0.95825,3.094375,1.74,1.167,1.22675
RBPJL,-0.16399999999999998,0.408,-0.7859999999999999,0.0865,0.467,-0.9785,-1.4409999999999998,-0.5660000000000001
DTX4,0.728875,-0.67775,1.21075,0.8835,-0.48828571428571393,0.80075,0.074125,1.218125
IHH,-0.0005,-0.105,0.042,1.1115,-1.0335,-0.8005,-0.027000000000000003,0.2655
RPS6,0.619125,0.16175,-0.826,0.5275,1.116375,0.617875,-0.03025,0.165875
GADD45A,-1.395667,-1.25866666666667,0.2285,-2.2891666666666697,-2.4263333333333303,-0.9195,-1.21,-0.2176666667
PPP3R1,-0.381875,-0.46775,-0.788875,-0.8995,0.1495,-0.141125,0.137714285714286,-0.4335
PIK3R2,-0.074875,0.04825,0.168125,-0.283875,0.3995,-0.84175,-1.003125,-0.573875
CSNK1G1,0.1230833,-0.0935,0.26141666666666696,-0.591666666666667,-0.866333333333333,-0.24291666666666697,-0.6365,-0.03225
CASP9,-1.0745,-0.832125,-1.052875,-0.7845,-1.35275,-0.9055,-1.290375,-1.160625
NFKB1,1.5345,0.8672,0.5134,0.982,0.5398,1.0039,0.7070000000000001,1.0827
RPRM,-1.8543330000000002,-2.7645,-1.7678333333333303,-3.0168333333333304,-2.58916666666667,-1.055,-2.2119999999999997,-2.8863333332999996
BMP5,-1.883,-1.6475,-2.397,-2.9105,-2.356,-2.7475,-1.6680000000000001,-2.33025
TRADD,0.46533329999999995,-0.860166666666667,-0.049,0.9575,-0.4193333333333329,0.95,0.5171666666666671,0.5011666667
DVL2,-0.7213333000000001,-0.4416666666666671,-0.984833333333333,-1.07416666666667,-0.7490000000000001,-1.01966666666667,-0.5655,-1.3159999999999998
DLL1,1.33525,0.850625,1.268375,0.747,1.43225,1.785125,1.45875,1.0375
LEFTY1,-1.46275,-1.994,-1.786,-2.50825,2.23825,-2.4015,-1.74625,-2.681
BLM,-2.249,-0.93975,-0.6785,-3.11825,-0.0195,-1.57375,-1.6340000000000001,-2.17975
PPP2CB,0.3295,-0.9105,-0.663166666666667,0.5058333333333329,-1.6,0.5376666666666671,-0.5088333333333329,0.4345
PDPK1,0.4088571,0.655571428571428,0.595,-0.0842142857142857,-0.39171428571428607,0.009000000000000001,0.698642857142857,0.5005
RAD51C,-2.2235,0.93325,-1.03075,-2.0995,-2.077,-1.3635,-0.3735,-2.5215
IL1RAP,-0.5196667,-0.5981666666666671,-0.317833333333333,1.34875,-0.872916666666667,0.579666666666667,-0.15383333333333302,-0.1674166667
GLI3,1.4469999999999998,1.777375,2.261375,-0.707875,1.948875,0.015625,0.7245,0.9465
ZMAT3,0.485,-0.1135,0.11275,1.67575,0.08325,-0.08725,-0.71175,0.30075
SIAH1,0.29175,-0.98425,-0.9255,-0.05325,-0.74125,0.8390000000000001,1.4255,0.9615
EIF4B,0.122125,-0.669125,-1.1373125,0.0234375,-0.1279375,-0.48025,-1.3464375,-0.20800000000000002
SMURF1,-0.510875,-0.31375,-0.314,0.023,-1.087375,0.004625,-0.866875,-0.589
INHBA,0.6345,0.4926666666666671,1.8775,1.9823333333333302,2.39366666666667,0.889,1.4095,2.395
CCNG1,-1.012333,-1.605,-2.77133333333333,-0.6055,-3.2295,-1.32033333333333,-3.00666666666667,-1.2425
BCL2L1,-0.155,0.1774,0.3942,0.6372,-0.1648,0.021,-0.1421,-0.565
MAPK3,-0.1675,-0.0965,-0.140666666666667,-0.003999999999999979,-0.40616666666666706,-0.738833333333333,-1.0855,-0.5478333333
PRKAR1B,-1.2373,-0.7502,-0.5169,-1.0897,0.3506,-0.9717,-0.7996,-1.1865
SERPINE1,-0.759,-0.2637,-1.1007,-1.5942,-1.3584,-0.6982,-2.605,-0.773
CTBP2,1.1661,1.4715,0.8398,1.2834,1.4297,0.9737,1.4721,1.0135
RAD51,-3.025,-0.608666666666667,-1.6693333333333302,-2.5755,-2.34433333333333,-1.72283333333333,-0.6245,-1.625
CCND2,-1.0494290000000002,-2.2495714285714303,-2.0087857142857097,-1.27785714285714,-1.3090000000000002,-1.32928571428571,-2.1802857142857097,-0.7202857143000001
INHBC,-0.1640833,0.2565,0.46716666666666706,0.516,0.0134166666666667,-0.25775,0.2935,0.1255
PRKCG,-0.22399999999999998,-0.17600000000000002,0.016,0.3145,0.11199999999999999,-0.446,0.415,-0.0375
CCNB1,-2.9565,-1.109,-1.93425,-3.37525,-3.15125,-2.301,-2.6355,-2.3515
CCNE1,-2.44975,-2.58975,-2.728,-2.246375,-1.90075,-0.4885,-2.2230000000000003,-2.208
ATR,-0.2135,-0.20166666666666697,-0.4099166666666671,-0.4641666666666671,-0.4244166666666671,-0.4256666666666671,-0.889083333333333,0.0775
SHH,-0.754,0.6505,-0.159,-0.0255,1.1035,-0.23199999999999998,0.2935,-0.5105
NCSTN,1.4885,0.4075,0.85,1.445,1.222,1.0395,1.3755,0.4525
VEGFA,-1.178105,-0.763368421052632,-0.0936842105263158,-1.26842105263158,0.0468421052631579,-1.67,-1.12557894736842,-1.3376315789
MUS81,-0.5355833000000001,-0.4125833333333329,-0.5354166666666671,-0.6548333333333329,-0.724666666666667,-0.696,-0.789083333333333,-0.86025
GSK3B,0.02533333,0.1555,0.20716666666666697,-0.2405,-0.4408333333333329,-0.2645,0.46283333333333293,-0.1685
TP53I3,-0.039375,-0.973375,-0.60575,1.417875,-0.852,0.73475,0.453375,0.214375
BRCA2,-1.0495,-0.3605,-0.7215,-1.4969999999999999,-0.8835,-0.51475,-0.61575,-0.5855
IRAK2,-0.5545,-0.64725,-0.927,0.5975,-0.7826666666666671,-1.03225,-0.3865,-0.35675
CAPN2,0.31966669999999997,-1.75066666666667,-0.1005,0.4425,-0.151666666666667,0.7255,-0.689833333333333,0.5946666667
ID2,1.7745,0.68475,1.40075,0.21025,0.9005,0.6935,0.716,0.46225
CDK2,-2.037625,-1.58975,-2.109625,-1.587375,-1.389625,-1.95125,-1.368375,-1.460375
NFKBIA,1.172,1.4575,1.26075,0.89075,1.48375,1.73575,0.8505,1.676
AKT3,0.127,-0.316333333333333,-0.4138333333333329,0.4805,-0.3533333333333329,-0.315833333333333,-0.24983333333333302,0.5741666667
TGFB2,-0.000625,-1.183,-0.974375,0.429625,-0.721375,0.1645,-0.557625,0.64675
CSNK1A1L,0.46816670000000005,0.303,0.4376666666666671,0.048,-0.5331666666666671,0.027000000000000003,-1.094,0.38833333329999997
CCNB3,0.31675,1.2965,1.1505,0.2095,0.26525,-0.17525,0.0775,0.5975
PITX2,-1.04525,-3.07825,-3.54125,-0.588,-2.89733333333333,0.5595,-2.10475,-0.27575
CSNK1G2,-0.11683330000000001,0.21383333333333301,0.515,-0.1565,1.23008333333333,0.102333333333333,0.107083333333333,-0.5855833333
TGFBR1,0.3901,-0.7962,-0.706666666666667,0.8170000000000001,-0.369,1.5868,0.3942,0.6563
E2F5,-0.9745,0.066,-1.324,-1.3665,-2.6825,-0.9505,-0.1905,-0.653
SMAD4,0.266625,-0.20425,-0.94425,0.35200000000000004,-1.257625,0.1205,-0.340375,0.309125
NUMBL,-0.7285,-0.294,-0.154666666666667,-0.607833333333333,-0.0965,-0.2335,-0.0793333333333333,-0.44266666670000004
CUL1,0.249125,-0.031,-0.706125,-0.52975,-0.7829999999999999,-0.556,-1.357,-0.507125
PRKAA2,0.12216669999999999,-1.72216666666667,-0.949833333333333,-0.2165,-0.328666666666667,-1.06183333333333,-1.5941666666666698,-1.5151666666999999
BMPR2,1.284417,0.938833333333333,0.609,0.843083333333333,0.917727272727273,0.954583333333333,1.1177,0.8859166667
PIK3CA,0.5589999999999999,-0.10375,-0.01325,0.23425,-0.1845,0.44725,0.59075,0.8975
RAD54L,-3.21525,-1.35475,-2.20725,-3.3975,-0.885,-2.0015,-1.9469999999999998,-2.68175
HIF1A,-0.2373333,-2.02566666666667,-2.43733333333333,0.47600000000000003,-1.4981666666666698,-0.22483333333333302,-3.62866666666667,-0.8031666667
RELA,0.3915,0.724833333333333,0.22283333333333302,0.46033333333333293,0.584333333333333,-0.0211666666666667,0.7245,0.0608333333
NOG,-1.807,-1.926,-1.1495,-0.828,-0.1625,-3.968,-1.7745,-2.0475
ULK2,0.95,1.53175,2.15175,1.5725,0.83375,1.3515,1.036,1.517
WNT4,2.559375,1.374125,5.062125,1.344875,2.414125,4.39875,3.644875,3.354125
WNT9B,0.142,0.0395,-0.246625,0.122625,-0.349,0.042875,-0.612375,-0.13675
SSBP1,-1.472333,-1.0235,-0.648833333333333,-1.08716666666667,-0.46666666666666706,-0.3608333333333329,-0.3686666666666671,-2.0733333333
CASP12,1.8565,1.274,1.125,0.6295,0.695,0.73,-0.787,1.368
NOTCH1,0.008333333,-0.0153333333333333,-1.09116666666667,0.10083333333333301,0.27733333333333304,0.18683333333333302,-1.26383333333333,0.1441666667
RBL1,-1.65875,-1.143,-2.0745,-1.465375,-1.8880000000000001,-1.5955,-0.961625,-1.275625
SYCP3,-0.64325,-0.31025,0.77125,-0.35725,-0.259666666666667,-0.629,0.31325,0.1015
PPP3CA,0.4798,2.1125,0.6932,2.2507,0.5482,1.4098,0.4169,1.2098
DDB2,-0.741,-1.819,-1.3485,-0.845,-1.27925,-1.0655,-2.56175,-1.075
RHEB,-0.6078,-0.2911,-0.5213,-0.0701,-0.6444,0.3897,-0.2432,0.1036
LTBP1,-1.515,-2.059,-2.6485,-0.6605,-0.4025,-0.6835,-1.057,-0.598
TRAF2,-0.5455,-0.00483333333333334,0.0758333333333333,-0.3295,0.611,0.193166666666667,-0.124333333333333,0.1381666667
BMP6,-0.6335,-1.8855,-2.5705,-2.33275,-1.923,-1.8869999999999998,-0.877,-0.21725
RAD54B,-1.858,0.17775,-1.4280000000000002,-1.8445,-2.32475,-0.8365,-0.0985,0.02475
WNT5A,-0.7684,-0.7674,-3.0609,1.4202,-1.5836,-1.9689,-1.7624,-0.672
CCND1,0.8559167,1.35225,0.984416666666667,-1.31041666666667,-0.0828333333333333,-1.06525,0.7755,-1.1731666667
PRKACB,1.177286,-0.0961428571428572,-0.0430714285714285,0.22,-1.4113076923076902,0.781142857142857,-0.5329285714285711,1.2796428571
TGFB1,0.0337,-0.4861,-0.1742,0.0384,0.157,-0.256,-0.5176,-0.1476
PSEN2,0.657,0.645,1.34908333333333,0.6435,1.26483333333333,1.5749166666666699,-0.10033333333333301,0.96925
POLD4,1.344875,0.019,0.973625,0.65025,0.215625,0.304875,0.67525,0.595
EI24,-0.057,0.3585,-0.376,0.21,-0.2,-0.1895,-0.1805,-0.0965
STK36,0.10033330000000001,-0.4905,1.3435,0.187,0.8845,-0.660333333333333,0.885666666666667,-0.34600000000000003
RCHY1,0.6218333,-0.0156666666666666,-0.964666666666667,1.244,-2.20466666666667,1.6288333333333302,-0.23966666666666697,0.7396666667
MAML1,0.218,0.11599999999999999,-0.5911,0.00419999999999998,-0.6298,0.1451,-0.6524,0.2845
SMAD1,1.3744,2.4297,1.9831,1.5217,1.9043,1.3585,1.8589,1.3595
LRP2,3.848125,2.156,3.953625,4.01375,0.584375,1.16525,3.895125,3.722
EIF4EBP1,0.7165,-0.56075,-0.2465,-0.43775,0.64875,-0.8155,-0.483,-1.77225
TGIF1,0.2665,0.848,1.5045,0.2345,0.5345,-0.11599999999999999,0.8959999999999999,0.565
STK11,0.49200000000000005,1.097125,0.8420000000000001,0.50475,1.28875,0.134125,0.38575,0.0135
ADAM17,0.18525,-0.131125,0.242,0.5215,0.284625,0.472375,0.882125,0.805
PPM1D,-1.3985,-1.32083333333333,-1.21833333333333,-1.29366666666667,-1.9473333333333303,-1.4151666666666698,-0.8503333333333329,-1.3995
BMP8B,0.26225,0.992,1.192,1.199,0.6615,1.1440000000000001,0.10800000000000001,-0.26275
PTEN,1.1903569999999999,0.9012142857142859,-0.255142857142857,1.453,0.261071428571429,1.2488571428571398,0.901642857142857,0.5855714286
SERPINB5,0.7901667,-0.4659166666666671,-0.556333333333333,0.967916666666667,-0.36472727272727296,0.451,-1.2982727272727301,0.010833333300000001
HES5,3.897,0.9915,0.97625,0.71775,1.29775,2.95575,4.3685,2.58225
STEAP3,0.32175,-0.30175,-0.1695,2.697875,0.13725,0.748875,-0.282,-0.11275
CASP8,-0.8218,-0.5239,-0.6579999999999999,-0.7933,0.8476,-1.1739,-0.6794444444444441,-0.449
JAG1,1.418333,0.7895,0.4546666666666671,0.596666666666667,1.5048333333333301,1.022,0.891333333333333,1.541
DTX1,1.694875,0.558625,0.368125,-0.48975,-0.795125,0.583,0.273625,1.3295
PIK3R3,1.0988,3.4275,1.4677,0.9237,2.1236,0.8276,1.8545,1.7803
IRAK3,1.9905,1.19766666666667,0.919833333333333,2.8798333333333304,1.53466666666667,3.59583333333333,3.3135,3.7611666667000003
INHBB,3.7158330000000004,2.4985,3.52283333333333,2.23683333333333,3.52916666666667,2.9556666666666698,2.5225,2.8336666667
CCND3,-0.1330714,-0.5442857142857139,-0.35442857142857104,0.7962142857142859,-0.44764285714285706,-0.6078571428571429,-1.2155,-0.9290714286
ROCK1,0.6349286,-0.0725,0.307785714285714,0.5385714285714289,0.44028571428571395,0.8169285714285709,-0.0557857142857142,0.8720714286
RPA1,-0.41600000000000004,-1.34975,-1.55025,-0.7655,-1.6540000000000001,-1.1805,-1.07725,-0.51275
WNT10A,1.466125,0.479125,0.775875,0.009249999999999991,0.63025,1.452125,1.839625,1.256
NOTCH4,2.649125,1.724375,2.489,1.820375,3.038875,1.87725,1.698125,2.41575
HHIP,-3.0095,-2.58625,-3.64325,-3.81675,-2.8385,-4.00525,-2.69125,-3.00025
CAB39L,2.2742,2.1591,1.578,2.7415,2.6279,2.3477,2.072,1.8995
BMPR1B,4.843667,4.4835,0.0901666666666667,-0.0025,0.3986666666666671,1.26533333333333,-0.12216666666666699,1.5146666667
RPS6KA3,-0.89475,-1.9905,-1.82875,0.295625,-2.538625,-0.2885,-1.961125,-0.6695
